Date,Open,High,Low,Close,Adj Close,Volume
1965-01-01,1420.95,1433.92,1401.38,1417.0,1417.0,1289176971
1965-02-01,1419.5,1428.45,1393.77,1417.0,1417.0,723837775
1965-03-01,1413.01,1425.1,1401.73,1417.0,1417.0,1219907550
1965-04-01,1417.64,1437.26,1378.95,1417.0,1417.0,705199007
1965-05-01,1421.33,1435.69,1403.97,1417.0,1417.0,1465770457
1965-06-01,1414.68,1427.79,1389.63,1417.0,1417.0,1182980825
1965-07-01,1421.35,1439.89,1372.68,1417.0,1417.0,1002827501
1965-08-01,1417.74,1437.98,1376.95,1417.0,1417.0,1161881716
1965-09-01,1419.9,1431.85,1398.84,1417.0,1417.0,763833581
1965-10-01,1413.21,1434.72,1392.67,1417.0,1417.0,991865743
1965-11-01,1415.16,1434.3,1388.2,1417.0,1417.0,1218428308
1965-12-01,1418.55,1441.15,1403.66,1417.0,1417.0,1003564353
1966-01-01,1423.94,1442.95,1379.25,1412.42,1412.42,1374281536
1966-02-01,1416.32,1424.08,1388.82,1407.85,1407.85,914192700
1966-03-01,1403.78,1429.26,1384.36,1403.3,1403.3,1224350932
1966-04-01,1401.84,1418.5,1381.77,1398.77,1398.77,897302006
1966-05-01,1399.62,1418.9,1353.48,1394.24,1394.24,1019520404
1966-06-01,1390.33,1407.91,1379.38,1389.74,1389.74,737693100
1966-07-01,1384.31,1421.8,1368.63,1385.25,1385.25,750822164
1966-08-01,1383.61,1401.5,1337.66,1380.77,1380.77,1388623761
1966-09-01,1374.02,1408.52,1356.08,1376.3,1376.3,913460151
1966-10-01,1378.24,1394.12,1348.19,1371.85,1371.85,1463052742
1966-11-01,1377.01,1394.24,1353.99,1367.42,1367.42,1430102271
1966-12-01,1372.49,1392.5,1333.77,1363.0,1363.0,822271414
1967-01-01,1366.58,1389.37,1329.86,1356.06,1356.06,700457516
1967-02-01,1353.67,1379.31,1310.4,1349.15,1349.15,1365332423
1967-03-01,1346.56,1371.02,1301.25,1342.28,1342.28,768522761
1967-04-01,1342.09,1364.12,1301.16,1335.45,1335.45,802713171
1967-05-01,1335.12,1347.1,1290.71,1328.65,1328.65,1038510352
1967-06-01,1324.82,1345.95,1308.09,1321.88,1321.88,949373033
1967-07-01,1328.43,1343.8,1290.19,1315.15,1315.15,796803356
1967-08-01,1311.53,1329.66,1293.78,1308.45,1308.45,876173907
1967-09-01,1302.84,1313.83,1263.45,1301.79,1301.79,1387708320
1967-10-01,1296.2,1315.69,1281.19,1295.16,1295.16,805849478
1967-11-01,1300.8,1316.53,1254.82,1288.56,1288.56,1345997598
1967-12-01,1284.57,1299.3,1260.93,1282.0,1282.0,1073619734
1968-01-01,1284.94,1354.87,1276.62,1313.4,1313.4,1022097025
1968-02-01,1311.29,1361.34,1301.0,1345.58,1345.58,1058890838
1968-03-01,1344.53,1394.73,1319.18,1378.54,1378.54,1054504596
1968-04-01,1383.52,1421.3,1355.86,1412.31,1412.31,1368822068
1968-05-01,1418.93,1487.29,1408.3,1446.9,1446.9,1088512900
1968-06-01,1442.76,1492.1,1427.35,1482.35,1482.35,1488247075
1968-07-01,1478.86,1544.91,1462.09,1518.66,1518.66,1465854112
1968-08-01,1526.18,1593.82,1515.01,1555.86,1555.86,937366260
1968-09-01,1563.15,1625.27,1537.8,1593.97,1593.97,745732218
1968-10-01,1595.31,1678.78,1583.57,1633.02,1633.02,1468623122
1968-11-01,1626.16,1708.26,1601.56,1673.02,1673.02,888163116
1968-12-01,1666.66,1733.96,1643.46,1714.0,1714.0,1195505208
1969-01-01,1712.62,1793.82,1680.04,1760.17,1760.17,863407359
1969-02-01,1763.98,1835.94,1737.39,1807.59,1807.59,939997663
1969-03-01,1804.27,1869.2,1782.84,1856.28,1856.28,1498763552
1969-04-01,1865.49,1926.79,1848.74,1906.29,1906.29,1446607502
1969-05-01,1913.55,1986.96,1899.45,1957.64,1957.64,1366995963
1969-06-01,1961.62,2074.02,1932.57,2010.38,2010.38,706258485
1969-07-01,2016.75,2111.83,1978.26,2064.53,2064.53,807432891
1969-08-01,2056.59,2162.42,2037.91,2120.15,2120.15,1183863861
1969-09-01,2124.76,2225.43,2105.72,2177.26,2177.26,1090825481
1969-10-01,2186.09,2252.66,2161.27,2235.91,2235.91,921344179
1969-11-01,2224.81,2347.12,2204.95,2296.15,2296.15,1292984726
1969-12-01,2297.33,2370.41,2283.25,2358.0,2358.0,1406485114
1970-01-01,2367.52,2409.0,2276.42,2324.6,2324.6,818475028
1970-02-01,2315.94,2358.75,2230.96,2291.67,2291.67,1388562065
1970-03-01,2300.82,2320.93,2241.65,2259.21,2259.21,1324092993
1970-04-01,2267.89,2300.35,2206.78,2227.21,2227.21,1443904812
1970-05-01,2235.33,2273.7,2132.43,2195.67,2195.67,719829089
1970-06-01,2200.86,2242.59,2106.86,2164.57,2164.57,1391251222
1970-07-01,2171.29,2207.79,2117.01,2133.91,2133.91,1397733426
1970-08-01,2141.56,2178.5,2067.02,2103.68,2103.68,944152693
1970-09-01,2109.89,2121.19,2052.7,2073.88,2073.88,962609560
1970-10-01,2081.44,2100.56,1998.87,2044.51,2044.51,1019742707
1970-11-01,2054.35,2093.56,1999.19,2015.55,2015.55,1476320488
1970-12-01,2009.07,2027.12,1971.25,1987.0,1987.0,1047651006
1971-01-01,1991.54,2082.88,1966.31,2039.31,2039.31,1008156346
1971-02-01,2040.87,2143.51,2030.61,2092.99,2092.99,1440460132
1971-03-01,2093.79,2201.85,2062.26,2148.08,2148.08,991377177
1971-04-01,2138.84,2235.31,2118.08,2204.63,2204.63,1378412223
1971-05-01,2209.47,2292.87,2184.89,2262.66,2262.66,1021920309
1971-06-01,2258.04,2360.2,2214.9,2322.22,2322.22,1241854356
1971-07-01,2331.58,2414.64,2300.76,2383.35,2383.35,700324751
1971-08-01,2378.27,2496.63,2343.03,2446.09,2446.09,1071990552
1971-09-01,2444.68,2555.11,2399.41,2510.48,2510.48,1336819808
1971-10-01,2502.19,2625.31,2465.92,2576.57,2576.57,968150604
1971-11-01,2584.77,2705.65,2563.14,2644.39,2644.39,859303946
1971-12-01,2631.81,2762.39,2585.11,2714.0,2714.0,758262583
1972-01-01,2711.68,2894.81,2669.8,2865.44,2865.44,1095501735
1972-02-01,2858.1,3040.91,2811.62,3025.33,3025.33,1316036950
1972-03-01,3013.43,3225.28,2955.06,3194.14,3194.14,1114366200
1972-04-01,3179.78,3466.48,3142.11,3372.37,3372.37,1341133281
1972-05-01,3378.03,3635.6,3313.0,3560.55,3560.55,1413140740
1972-06-01,3564.56,3829.26,3502.33,3759.23,3759.23,1138297560
1972-07-01,3774.16,4039.7,3740.62,3968.99,3968.99,897791790
1972-08-01,3974.46,4270.39,3917.22,4190.46,4190.46,919677957
1972-09-01,4172.75,4478.86,4131.88,4424.29,4424.29,1132121778
1972-10-01,4408.29,4782.04,4339.53,4671.16,4671.16,751383080
1972-11-01,4666.84,5011.83,4629.03,4931.81,4931.81,1036114814
1972-12-01,4951.77,5330.82,4863.38,5207.0,5207.0,1312475660
1973-01-01,5200.77,5333.4,5115.99,5257.18,5257.18,1382758360
1973-02-01,5281.02,5441.51,5211.35,5307.85,5307.85,1182602071
1973-03-01,5293.01,5448.86,5264.24,5359.0,5359.0,968903634
1973-04-01,5368.6,5408.73,5138.28,5230.44,5230.44,802102237
1973-05-01,5236.84,5293.97,5001.65,5104.97,5104.97,721681637
1973-06-01,5112.25,5173.22,4950.82,4982.5,4982.5,1003283091
1973-07-01,4968.14,5049.7,4788.88,4862.97,4862.97,1301607858
1973-08-01,4879.12,4909.51,4720.1,4746.32,4746.32,1131535238
1973-09-01,4770.04,4840.41,4511.58,4632.45,4632.45,1221403724
1973-10-01,4644.23,4681.34,4496.23,4521.33,4521.33,821905876
1973-11-01,4504.43,4565.05,4364.83,4412.86,4412.86,1259571976
1973-12-01,4424.64,4487.07,4198.49,4307.0,4307.0,791626297
1974-01-01,4320.75,4349.36,4239.59,4263.87,4263.87,949565795
1974-02-01,4271.43,4318.2,4118.57,4221.17,4221.17,760797182
1974-03-01,4229.22,4256.83,4070.84,4178.9,4178.9,1380234591
1974-04-01,4183.09,4265.74,4028.94,4137.05,4137.05,977763012
1974-05-01,4134.09,4186.13,4037.41,4095.62,4095.62,1379660501
1974-06-01,4108.82,4188.58,3964.75,4054.6,4054.6,1362965848
1974-07-01,4063.01,4128.05,3889.29,4014.0,4014.0,916065917
1974-08-01,4026.37,4075.7,3907.2,3973.8,3973.8,1284820971
1974-09-01,3964.6,4033.83,3905.13,3934.01,3934.01,1405304947
1974-10-01,3923.93,3979.48,3835.29,3894.61,3894.61,722959998
1974-11-01,3908.28,3940.26,3753.28,3855.61,3855.61,972271074
1974-12-01,3870.27,3905.66,3796.87,3817.0,3817.0,1458450062
1975-01-01,3801.18,3929.6,3738.95,3859.4,3859.4,1252487471
1975-02-01,3865.03,4005.32,3840.31,3902.26,3902.26,877277120
1975-03-01,3909.75,4027.29,3862.44,3945.6,3945.6,1124737544
1975-04-01,3942.66,4045.01,3881.38,3989.43,3989.43,916733141
1975-05-01,3979.51,4074.88,3952.48,4033.74,4033.74,1128691172
1975-06-01,4044.31,4122.76,3994.72,4078.54,4078.54,1279668000
1975-07-01,4097.98,4175.97,4071.31,4123.84,4123.84,855294062
1975-08-01,4112.6,4192.08,4059.09,4169.64,4169.64,919449061
1975-09-01,4189.42,4316.42,4160.54,4215.95,4215.95,1394768957
1975-10-01,4215.57,4350.17,4164.81,4262.78,4262.78,1052375038
1975-11-01,4249.33,4441.19,4197.63,4310.13,4310.13,1357692516
1975-12-01,4305.85,4453.85,4280.86,4358.0,4358.0,819358067
1976-01-01,4360.74,4547.85,4331.19,4407.53,4407.53,1311554756
1976-02-01,4412.22,4507.08,4355.57,4457.63,4457.63,1060411571
1976-03-01,4455.08,4651.35,4412.39,4508.29,4508.29,1196821856
1976-04-01,4513.24,4698.99,4476.6,4559.54,4559.54,868820156
1976-05-01,4566.85,4656.06,4538.87,4611.36,4611.36,702140578
1976-06-01,4609.08,4723.77,4570.03,4663.77,4663.77,1265564663
1976-07-01,4673.24,4827.91,4585.11,4716.78,4716.78,1330262421
1976-08-01,4722.68,4914.5,4668.95,4770.39,4770.39,1135649902
1976-09-01,4777.44,4956.42,4748.43,4824.61,4824.61,832738231
1976-10-01,4815.33,4978.84,4770.41,4879.45,4879.45,799482926
1976-11-01,4888.66,5085.19,4827.51,4934.91,4934.91,1095036175
1976-12-01,4914.2,5074.17,4865.87,4991.0,4991.0,900294321
1977-01-01,4970.6,5117.69,4902.86,4980.38,4980.38,1460629022
1977-02-01,5005.26,5050.52,4939.53,4969.78,4969.78,1305015064
1977-03-01,4968.31,5061.42,4910.1,4959.2,4959.2,1168263700
1977-04-01,4965.88,4997.51,4877.41,4948.64,4948.64,966646714
1977-05-01,4957.06,5006.37,4820.93,4938.11,4938.11,930574236
1977-06-01,4960.09,5025.82,4842.45,4927.6,4927.6,951613725
1977-07-01,4918.89,4973.3,4824.2,4917.11,4917.11,1490495371
1977-08-01,4924.86,4980.01,4857.26,4906.64,4906.64,989423487
1977-09-01,4919.23,4999.9,4844.81,4896.2,4896.2,1139375711
1977-10-01,4917.14,4993.22,4845.33,4885.78,4885.78,1478517452
1977-11-01,4891.1,4927.17,4778.49,4875.38,4875.38,1141801127
1977-12-01,4855.54,5009.24,4797.66,4865.0,4865.0,793972919
1978-01-01,4881.16,5071.44,4819.49,4950.9,4950.9,918739917
1978-02-01,4967.47,5096.66,4901.56,5038.31,5038.31,1006868810
1978-03-01,5059.57,5274.64,4968.69,5127.27,5127.27,920997922
1978-04-01,5142.14,5375.5,5077.27,5217.8,5217.8,1356439578
1978-05-01,5206.47,5420.62,5102.42,5309.92,5309.92,1091712277
1978-06-01,5291.26,5481.05,5221.0,5403.68,5403.68,1134744050
1978-07-01,5401.26,5554.59,5317.75,5499.09,5499.09,1157438113
1978-08-01,5484.43,5630.76,5395.75,5596.18,5596.18,1264182304
1978-09-01,5613.61,5825.51,5516.43,5694.99,5694.99,1484654510
1978-10-01,5694.72,5903.11,5615.83,5795.54,5795.54,1395760250
1978-11-01,5817.22,6011.11,5748.27,5897.87,5897.87,1277955062
1978-12-01,5892.56,6057.02,5821.6,6002.0,6002.0,1475362904
1979-01-01,5992.31,6183.74,5885.79,6047.4,6047.4,1381873069
1979-02-01,6069.13,6175.7,5973.35,6093.14,6093.14,1307521447
1979-03-01,6115.83,6181.26,6027.35,6139.22,6139.22,1436743279
1979-04-01,6169.76,6289.06,6129.8,6185.66,6185.66,1206998263
1979-05-01,6208.7,6380.39,6093.52,6232.44,6232.44,736792774
1979-06-01,6250.9,6374.53,6206.0,6279.58,6279.58,1124933054
1979-07-01,6283.72,6387.75,6244.86,6327.08,6327.08,1396671678
1979-08-01,6334.65,6563.93,6289.38,6374.93,6374.93,1068919930
1979-09-01,6359.25,6456.89,6250.7,6423.15,6423.15,1420967538
1979-10-01,6434.56,6581.28,6369.03,6471.73,6471.73,1170057364
1979-11-01,6480.72,6597.32,6366.15,6520.68,6520.68,859373599
1979-12-01,6513.16,6644.93,6424.72,6570.0,6570.0,1159849544
1980-01-01,6602.37,6821.56,6504.17,6613.85,6613.85,919584304
1980-02-01,6618.21,6825.16,6580.25,6658.0,6658.0,1185125194
1980-03-01,6657.78,6787.74,6544.71,6702.44,6702.44,1185651998
1980-04-01,6692.54,6894.02,6591.04,6747.18,6747.18,1276742701
1980-05-01,6757.92,6941.39,6632.55,6792.22,6792.22,1217072487
1980-06-01,6779.24,6978.74,6670.87,6837.55,6837.55,772106700
1980-07-01,6823.54,6950.25,6775.9,6883.19,6883.19,1131526207
1980-08-01,6915.65,7134.68,6794.92,6929.14,6929.14,905576067
1980-09-01,6951.63,7162.15,6839.03,6975.39,6975.39,970972203
1980-10-01,6948.54,7083.74,6813.06,7021.95,7021.95,1388112477
1980-11-01,7037.69,7288.77,6917.57,7068.82,7068.82,992620039
1980-12-01,7089.36,7254.67,7005.56,7116.0,7116.0,1238262705
1981-01-01,7128.26,7356.28,6992.08,7161.45,7161.45,786676881
1981-02-01,7142.39,7415.3,7046.53,7207.19,7207.19,1432204726
1981-03-01,7187.11,7450.84,7053.14,7253.23,7253.23,941752139
1981-04-01,7246.58,7522.55,7177.26,7299.56,7299.56,1094099695
1981-05-01,7270.15,7409.82,7184.33,7346.18,7346.18,1236388975
1981-06-01,7364.04,7513.73,7245.23,7393.1,7393.1,823618321
1981-07-01,7386.81,7575.83,7304.66,7440.33,7440.33,1461217220
1981-08-01,7405.56,7614.93,7262.94,7487.85,7487.85,1384360154
1981-09-01,7457.85,7684.13,7311.17,7535.68,7535.68,986939072
1981-10-01,7528.0,7646.74,7394.6,7583.81,7583.81,1063773894
1981-11-01,7596.15,7793.47,7555.74,7632.25,7632.25,1329435672
1981-12-01,7612.68,7836.49,7566.78,7681.0,7681.0,1312125900
1982-01-01,7658.51,7928.0,7582.47,7708.45,7708.45,818043343
1982-02-01,7739.33,7877.68,7667.1,7736.01,7736.01,803993705
1982-03-01,7716.72,7941.04,7675.15,7763.66,7763.66,711888261
1982-04-01,7786.17,7898.47,7726.89,7791.41,7791.41,741919214
1982-05-01,7810.24,8015.77,7715.39,7819.25,7819.25,1322413631
1982-06-01,7820.29,7993.19,7670.29,7847.2,7847.2,734692029
1982-07-01,7869.43,8025.5,7776.01,7875.25,7875.25,1471220946
1982-08-01,7840.66,8028.62,7720.77,7903.4,7903.4,1092215083
1982-09-01,7935.78,7985.07,7761.72,7931.65,7931.65,752545786
1982-10-01,7913.8,8117.65,7835.63,7960.0,7960.0,1495702204
1982-11-01,7962.43,8158.97,7910.77,7988.45,7988.45,1261423534
1982-12-01,8016.63,8223.53,7889.87,8017.0,8017.0,872018453
1983-01-01,8013.12,8274.17,7918.54,8158.71,8158.71,1032791720
1983-02-01,8125.68,8493.55,8039.43,8302.93,8302.93,822111139
1983-03-01,8338.05,8681.7,8284.7,8449.69,8449.69,777251546
1983-04-01,8469.87,8771.22,8353.01,8599.05,8599.05,1149269131
1983-05-01,8584.4,8878.35,8455.81,8751.05,8751.05,1300227400
1983-06-01,8783.26,9183.12,8660.24,8905.74,8905.74,981316948
1983-07-01,8912.68,9269.18,8838.14,9063.16,9063.16,786574705
1983-08-01,9094.46,9459.39,8970.67,9223.36,9223.36,1345777096
1983-09-01,9255.2,9640.75,9123.74,9386.4,9386.4,1214159331
1983-10-01,9341.93,9814.01,9257.74,9552.32,9552.32,844332857
1983-11-01,9571.68,9858.97,9522.94,9721.17,9721.17,1395890165
1983-12-01,9727.61,9980.36,9586.59,9893.0,9893.0,724525678
1984-01-01,9917.35,10269.05,9817.05,10104.0,10104.0,996042473
1984-02-01,10126.39,10434.83,10062.85,10226.96,10226.96,742087061
1984-03-01,10191.93,10591.55,10099.37,10351.43,10351.43,1229550954
1984-04-01,10349.94,10607.07,10180.99,10477.4,10477.4,791054006
1984-05-01,10470.06,10852.21,10341.28,10604.91,10604.91,1233706046
1984-06-01,10556.7,10961.34,10502.7,10733.97,10733.97,941135489
1984-07-01,10702.98,10993.88,10596.78,10864.6,10864.6,706183925
1984-08-01,10891.44,11164.7,10722.02,10996.83,10996.83,1100209877
1984-09-01,11033.48,11207.97,10835.69,11130.66,11130.66,733841809
1984-10-01,11077.09,11584.69,10926.04,11266.12,11266.12,1158719744
1984-11-01,11289.72,11495.7,11229.74,11403.22,11403.22,959814543
1984-12-01,11437.58,11859.0,11222.6,11542.0,11542.0,770503905
1985-01-01,11581.76,11956.41,11432.83,11711.64,11711.64,1016613357
1985-02-01,11689.42,12050.07,11601.5,11883.78,11883.78,1108386627
1985-03-01,11837.91,12413.69,11716.68,12058.45,12058.45,1281903284
1985-04-01,12096.91,12374.91,12009.85,12235.68,12235.68,857817442
1985-05-01,12248.21,12697.33,12154.42,12415.52,12415.52,1318278471
1985-06-01,12414.79,12919.46,12269.12,12598.0,12598.0,1439323406
1985-07-01,12606.12,12959.67,12379.67,12682.41,12682.41,1201773925
1985-08-01,12638.14,12983.65,12517.54,12767.38,12767.38,919738933
1985-09-01,12710.71,13024.91,12561.0,12852.92,12852.92,745512040
1985-10-01,12895.55,13305.66,12665.63,12939.04,12939.04,1192006710
1985-11-01,12939.95,13285.81,12721.56,13025.73,13025.73,1416701412
1985-12-01,13019.18,13409.35,12891.29,13113.0,13113.0,1080503222
1986-01-01,13067.22,13869.03,12825.65,13761.76,13761.76,974750220
1986-02-01,13791.26,14582.13,13671.05,14442.62,14442.62,1050206619
1986-03-01,14433.87,15297.92,14280.98,15157.17,15157.17,926314862
1986-04-01,15143.34,16243.39,14888.35,15907.07,15907.07,1217844285
1986-05-01,15838.02,17083.31,15691.32,16694.06,16694.06,1278986924
1986-06-01,16720.2,18020.7,16552.99,17520.0,17520.0,1166191611
1986-07-01,17457.18,18262.84,17186.99,17711.52,17711.52,1013566387
1986-08-01,17728.36,18144.33,17539.55,17905.14,17905.14,1333329566
1986-09-01,17961.21,18596.51,17672.37,18100.87,18100.87,1248331552
1986-10-01,18105.65,18599.43,17916.85,18298.74,18298.74,990078135
1986-11-01,18240.23,19064.6,18015.99,18498.78,18498.78,881234437
1986-12-01,18431.73,19220.88,18311.61,18701.0,18701.0,1316699776
1987-01-01,18763.67,19865.37,18575.07,19746.51,19746.51,1313046083
1987-02-01,19673.66,21046.07,19329.96,20850.48,20850.48,1316878250
1987-03-01,20914.91,22386.41,20681.44,22016.16,22016.16,1241090337
1987-04-01,21958.37,23542.09,21602.03,23247.01,23247.01,1059142370
1987-05-01,23254.92,25205.33,22975.04,24546.68,24546.68,1368090714
1987-06-01,24514.23,26737.52,24221.9,25919.0,25919.0,925417386
1987-07-01,25888.38,26762.56,25441.72,25955.61,25955.61,1341007379
1987-08-01,25861.76,26572.22,25393.36,25992.28,25992.28,1143632596
1987-09-01,25888.99,26757.33,25648.84,26029.0,26029.0,1310493464
1987-10-01,25969.86,26157.11,21541.65,21910.0,21910.0,1457130610
1987-11-01,21849.1,22072.92,21611.98,21736.31,21736.31,742605509
1987-12-01,21736.75,22169.7,21237.9,21564.0,21564.0,722550036
1988-01-01,21656.9,22892.11,21291.54,22387.3,22387.3,810079670
1988-02-01,22339.59,23795.05,22181.38,23242.03,23242.03,1264428940
1988-03-01,23230.09,24301.66,23024.76,24129.4,24129.4,1367970479
1988-04-01,24141.18,25532.87,23980.21,25050.65,25050.65,930481262
1988-05-01,25000.83,26431.9,24578.11,26007.07,26007.07,1065690893
1988-06-01,25905.86,27570.02,25769.95,27000.0,27000.0,1112300584
1988-07-01,26930.32,27958.78,26547.32,27502.53,27502.53,892451391
1988-08-01,27479.58,28219.24,26940.44,28014.41,28014.41,754143458
1988-09-01,28021.71,29439.98,27648.68,28535.82,28535.82,1012362986
1988-10-01,28527.3,29982.19,28276.12,29066.93,29066.93,712993784
1988-11-01,29150.8,30341.9,28730.33,29607.93,29607.93,1317201099
1988-12-01,29677.57,30345.9,29286.11,30159.0,30159.0,1350807092
1989-01-01,30061.01,31230.23,29597.14,30691.75,30691.75,1205388678
1989-02-01,30787.35,32044.64,30422.05,31233.9,31233.9,934754056
1989-03-01,31091.41,31980.53,30500.66,31785.63,31785.63,1112306871
1989-04-01,31941.1,32730.09,31420.48,32347.11,32347.11,852882744
1989-05-01,32300.85,33852.62,31978.52,32918.51,32918.51,799580006
1989-06-01,32875.06,34339.82,32269.52,33500.0,33500.0,1009315814
1989-07-01,33658.7,34980.23,33023.74,34347.11,34347.11,1115420682
1989-08-01,34450.54,35466.76,33966.97,35215.64,35215.64,1357873023
1989-09-01,35231.65,36364.72,34706.21,36106.13,36106.13,945196684
1989-10-01,36143.18,37893.66,35771.87,37019.14,37019.14,733884130
1989-11-01,37156.12,39167.91,36817.32,37955.23,37955.23,1484021823
1989-12-01,38125.24,39779.41,37726.84,38915.0,38915.0,1340876780
1990-01-01,38984.82,39263.24,35074.24,35841.41,35841.41,1325049575
1990-02-01,35674.67,36269.64,32519.02,33010.57,33010.57,1006283521
1990-03-01,33032.77,33534.4,29472.43,30403.32,30403.32,997610702
1990-04-01,30483.31,30877.82,27561.05,28002.0,28002.0,1219648589
1990-05-01,27931.89,28379.78,25752.15,26236.85,26236.85,1009589904
1990-06-01,26253.04,26486.8,24163.85,24582.98,24582.98,1497092089
1990-07-01,24530.27,24833.66,22841.92,23033.35,23033.35,1382261032
1990-08-01,23022.31,23291.13,21422.35,21581.41,21581.41,1245543408
1990-09-01,21655.98,21877.12,20084.44,20221.0,20221.0,1133737088
1990-10-01,20300.13,21881.88,19916.26,21364.45,21364.45,1210160018
1990-11-01,21427.2,22759.4,21255.47,22572.57,22572.57,811101497
1990-12-01,22638.11,24324.99,22399.65,23849.0,23849.0,1342929381
1991-01-01,23861.32,24264.61,23631.31,24088.09,24088.09,1499676035
1991-02-01,24140.82,24956.5,23721.97,24329.58,24329.58,759000570
1991-03-01,24444.51,24994.91,24072.92,24573.5,24573.5,975611824
1991-04-01,24666.37,25372.7,24475.72,24819.85,24819.85,1473011691
1991-05-01,24803.13,25231.53,24632.92,25068.68,25068.68,822412373
1991-06-01,24984.61,25931.53,24730.01,25320.0,25320.0,1452723243
1991-07-01,25420.0,25642.65,24363.02,24914.8,24914.8,1140673132
1991-08-01,24821.41,25144.14,24060.83,24516.08,24516.08,834908721
1991-09-01,24624.34,24990.78,23533.74,24123.74,24123.74,1184111126
1991-10-01,24206.37,24627.04,23600.81,23737.68,23737.68,736369442
1991-11-01,23771.26,24122.29,22757.32,23357.8,23357.8,1033269426
1991-12-01,23390.27,23727.26,22689.32,22984.0,22984.0,1465320135
1992-01-01,22980.08,23331.1,21170.06,21449.56,21449.56,758378420
1992-02-01,21355.17,21617.06,19807.21,20017.57,20017.57,1185328210
1992-03-01,19980.05,20299.99,18153.6,18681.17,18681.17,1480299302
1992-04-01,18612.2,18862.06,17196.62,17434.0,17434.0,1073178053
1992-05-01,17393.46,17505.69,16380.97,16593.96,16593.96,1007319866
1992-06-01,16613.11,16911.81,15647.33,15794.4,15794.4,961948656
1992-07-01,15806.67,16066.64,14755.95,15033.37,15033.37,1111779871
1992-08-01,15033.18,15113.57,13872.27,14309.0,14309.0,1104355570
1992-09-01,14375.78,15139.21,14293.0,14922.42,14922.42,1095915362
1992-10-01,14979.47,15837.67,14783.98,15562.13,15562.13,1377737892
1992-11-01,15551.38,16629.2,15295.44,16229.26,16229.26,992749882
1992-12-01,16213.13,17098.58,15997.52,16925.0,16925.0,758825399
1993-01-01,16925.72,17565.47,16589.98,17347.71,17347.71,1244318912
1993-02-01,17281.58,18058.99,16989.12,17780.98,17780.98,971268239
1993-03-01,17859.03,18414.15,17633.35,18225.07,18225.07,1100062322
1993-04-01,18142.2,18941.63,17922.57,18680.25,18680.25,1065590847
1993-05-01,18700.1,19412.08,18434.63,19146.8,19146.8,830001636
1993-06-01,19240.74,19881.68,19047.45,19625.0,19625.0,1362631508
1993-07-01,19631.35,19817.78,18718.54,19238.46,19238.46,994686247
1993-08-01,19271.9,19536.99,18359.52,18859.53,18859.53,1280259370
1993-09-01,18895.0,19123.98,17912.89,18488.07,18488.07,1326323193
1993-10-01,18539.12,18832.43,17747.76,18123.92,18123.92,836409649
1993-11-01,18147.3,18467.01,17607.22,17766.94,17766.94,1244581516
1993-12-01,17683.72,17801.29,17321.01,17417.0,17417.0,950953986
1994-01-01,17356.29,18203.68,17067.75,17915.59,17915.59,1436416759
1994-02-01,17982.38,18551.59,17855.23,18428.46,18428.46,865873363
1994-03-01,18396.22,19319.73,18217.66,18956.01,18956.01,838545939
1994-04-01,19034.13,19782.67,18718.54,19498.65,19498.65,1276739649
1994-05-01,19526.6,20487.5,19372.65,20056.84,20056.84,897215308
1994-06-01,20068.49,21276.1,19878.56,20631.0,20631.0,931203309
1994-07-01,20570.61,20771.29,20181.59,20476.81,20476.81,1446960299
1994-08-01,20537.3,20677.54,19850.87,20323.78,20323.78,1003755348
1994-09-01,20421.37,20815.89,19632.81,20171.89,20171.89,932362121
1994-10-01,20129.05,20334.28,19681.9,20021.14,20021.14,905155180
1994-11-01,20016.95,20278.74,19271.56,19871.51,19871.51,1256937040
1994-12-01,19799.43,20072.71,19495.27,19723.0,19723.0,1235867171
1995-01-01,19729.12,19843.3,17497.61,17785.0,17785.0,1273886445
1995-02-01,17713.96,17803.9,16866.21,17207.95,17207.95,1443279744
1995-03-01,17191.93,17504.41,16351.74,16649.62,16649.62,859564779
1995-04-01,16726.86,16972.55,15633.95,16109.41,16109.41,771568576
1995-05-01,16121.35,16376.82,15114.6,15586.73,15586.73,1430583780
1995-06-01,15536.08,15654.73,14631.13,15081.0,15081.0,1497737442
1995-07-01,15065.47,16268.47,14772.71,15790.21,15790.21,1440831758
1995-08-01,15849.69,16868.96,15744.94,16532.76,16532.76,1486395110
1995-09-01,16497.14,17650.72,16292.44,17310.24,17310.24,1450848401
1995-10-01,17371.01,18309.25,17254.8,18124.28,18124.28,829995410
1995-11-01,18116.83,19166.88,17826.07,18976.6,18976.6,1332614131
1995-12-01,18989.46,20062.49,18650.65,19869.0,19869.0,1417634209
1996-01-01,19933.97,20459.08,19634.19,20309.96,20309.96,847824960
1996-02-01,20236.97,21003.56,20056.63,20760.71,20760.71,888417002
1996-03-01,20813.4,21500.59,20483.64,21221.47,21221.47,709148587
1996-04-01,21254.08,21837.3,21110.12,21692.45,21692.45,945445073
1996-05-01,21671.93,22820.65,21334.86,22173.88,22173.88,948782358
1996-06-01,22089.05,22959.89,21774.96,22666.0,22666.0,875302880
1996-07-01,22582.94,22949.15,21606.89,22078.37,22078.37,1032676492
1996-08-01,22089.24,22377.79,21012.83,21505.98,21505.98,874729298
1996-09-01,21451.67,21839.88,20797.37,20948.42,20948.42,1057398381
1996-10-01,20991.11,21273.7,20269.27,20405.32,20405.32,1138119398
1996-11-01,20406.44,20554.34,19600.83,19876.3,19876.3,1116273232
1996-12-01,19800.03,20072.22,19216.66,19361.0,19361.0,1108300283
1997-01-01,19420.77,19866.72,19190.59,19499.02,19499.02,746189424
1997-02-01,19491.68,20119.71,19278.46,19638.02,19638.02,1353162580
1997-03-01,19686.29,19901.08,19486.12,19778.01,19778.01,751007929
1997-04-01,19875.74,20055.71,19497.97,19919.0,19919.0,725387896
1997-05-01,19900.85,20576.11,19509.3,20060.99,20060.99,1216704654
1997-06-01,20045.02,20513.67,19683.32,20204.0,20204.0,1425413849
1997-07-01,20178.88,20480.08,18737.37,19111.21,19111.21,1222827278
1997-08-01,19082.12,19331.31,17729.01,18077.53,18077.53,1282286512
1997-09-01,18027.39,18123.68,16876.5,17099.75,17099.75,1238799886
1997-10-01,17107.35,17404.17,15985.9,16174.86,16174.86,976927787
1997-11-01,16138.57,16394.78,15176.88,15300.0,15300.0,1347582546
1997-12-01,15287.64,15566.74,15176.26,15259.0,15259.0,864865297
1998-01-01,15198.1,15530.27,14961.78,15208.75,15208.75,738941056
1998-02-01,15245.34,15375.15,14993.96,15158.68,15158.68,1390984194
1998-03-01,15091.44,15302.31,14831.31,15108.76,15108.76,1285213986
1998-04-01,15081.4,15308.95,14853.33,15059.01,15059.01,941411548
1998-05-01,15005.29,15174.05,14862.63,15009.42,15009.42,748766109
1998-06-01,15076.74,15358.28,14632.35,14960.0,14960.0,1041760465
1998-07-01,14959.34,15245.42,14076.92,14410.17,14410.17,1328643676
1998-08-01,14384.05,14488.17,13670.07,13880.56,13880.56,1303532877
1998-09-01,13876.88,14008.86,13048.12,13370.4,13370.4,1344620927
1998-10-01,13425.86,13687.89,12620.82,12879.0,12879.0,807274200
1998-11-01,12845.88,13651.72,12603.95,13351.82,13351.82,1377706708
1998-12-01,13297.41,13982.4,13177.37,13842.0,13842.0,1238937536
1999-01-01,13856.25,14542.79,13628.65,14397.66,14397.66,1279444191
1999-02-01,14406.13,15402.07,14262.15,14975.62,14975.62,1465615808
1999-03-01,14903.04,16059.3,14802.3,15576.79,15576.79,1499657605
1999-04-01,15573.51,16547.5,15447.87,16202.09,16202.09,1432101167
1999-05-01,16210.53,17109.96,15999.71,16852.49,16852.49,987407644
1999-06-01,16812.31,17852.0,16703.38,17529.0,17529.0,1485054765
1999-07-01,17523.65,18282.82,17338.59,17755.71,17755.71,1031144136
1999-08-01,17766.81,18146.14,17608.48,17985.35,17985.35,1447806600
1999-09-01,17999.58,18384.02,17820.52,18217.96,18217.96,1003871819
1999-10-01,18278.69,18872.0,17999.53,18453.58,18453.58,905861406
1999-11-01,18512.93,19109.56,18284.13,18692.25,18692.25,834586916
1999-12-01,18747.38,19396.91,18516.33,18934.0,18934.0,1433519511
2000-01-01,18941.98,19518.27,18837.66,19390.57,19390.57,1377357906
2000-02-01,19476.89,20367.25,19259.03,19858.15,19858.15,1374035773
2000-03-01,19804.81,20443.7,19555.55,20337.0,20337.0,998560554
2000-04-01,20360.96,20651.06,19125.68,19477.17,19477.17,1090283507
2000-05-01,19381.08,19481.43,18293.79,18653.7,18653.7,919792589
2000-06-01,18742.77,19065.09,17450.59,17865.04,17865.04,1344934159
2000-07-01,17938.25,18053.85,16955.39,17109.73,17109.73,853545645
2000-08-01,17114.25,17268.45,16128.81,16386.35,16386.35,998441266
2000-09-01,16370.95,16695.97,15519.38,15693.55,15693.55,1247233300
2000-10-01,15748.14,16029.61,14646.64,15030.04,15030.04,774800404
2000-11-01,15011.9,15099.59,14318.94,14394.59,14394.59,837106860
2000-12-01,14394.57,14635.9,13506.45,13786.0,13786.0,1386368250
2001-01-01,13730.22,13807.63,13086.39,13228.04,13228.04,1394493512
2001-02-01,13279.3,13354.97,12603.71,12692.65,12692.65,1440467848
2001-03-01,12743.34,12813.34,11812.64,12178.94,12178.94,951587754
2001-04-01,12235.14,12434.38,11402.71,11686.02,11686.02,1018636816
2001-05-01,11636.58,11736.74,10904.29,11213.05,11213.05,1011325285
2001-06-01,11257.51,11441.39,10664.77,10759.22,10759.22,1490782366
2001-07-01,10783.34,10994.85,10257.17,10323.76,10323.76,1049670602
2001-08-01,10358.72,10530.01,9601.01,9905.92,9905.92,1017362439
2001-09-01,9933.02,10023.41,9202.74,9505.0,9505.0,1092482764
2001-10-01,9491.29,10003.04,9347.07,9839.12,9839.12,1228537526
2001-11-01,9798.35,10455.37,9644.55,10184.98,10184.98,765630407
2001-12-01,10149.76,10776.16,9986.4,10543.0,10543.0,953342582
2002-01-01,10501.52,10602.59,10210.9,10363.43,10363.43,915813154
2002-02-01,10325.35,10446.49,9983.41,10186.92,10186.92,1026435340
2002-03-01,10138.66,10203.51,9801.66,10013.42,10013.42,959544264
2002-04-01,10001.93,10110.12,9771.14,9842.87,9842.87,1420908835
2002-05-01,9882.75,10016.95,9582.55,9675.22,9675.22,1004585618
2002-06-01,9640.28,9759.79,9446.64,9510.44,9510.44,1047741015
2002-07-01,9502.93,9561.41,9238.18,9348.45,9348.45,897272054
2002-08-01,9360.14,9434.4,9116.74,9189.23,9189.23,943726396
2002-09-01,9230.47,9362.5,8791.46,9032.72,9032.72,963633373
2002-10-01,9017.79,9179.14,8600.93,8878.87,8878.87,808899577
2002-11-01,8862.95,8933.97,8609.98,8727.65,8727.65,1471659698
2002-12-01,8768.56,8903.81,8422.37,8579.0,8579.0,1160703425
2003-01-01,8556.9,8704.49,8279.09,8410.37,8410.37,791110258
2003-02-01,8415.74,8526.7,8052.08,8245.06,8245.06,1140079325
2003-03-01,8282.41,8411.83,7946.9,8083.0,8083.0,933064966
2003-04-01,8098.59,8235.74,7575.46,7699.0,7699.0,1099442572
2003-05-01,7709.27,8552.95,7588.01,8362.42,8362.42,1331261410
2003-06-01,8326.79,9245.94,8235.09,9083.0,9083.0,1105290114
2003-07-01,9121.18,9514.72,8967.39,9331.1,9331.1,987623594
2003-08-01,9368.0,9799.07,9309.22,9585.97,9585.97,1315163238
2003-09-01,9601.08,10069.07,9546.69,9847.8,9847.8,1486886564
2003-10-01,9865.28,10372.97,9673.05,10116.79,10116.79,1044364435
2003-11-01,10067.27,10588.39,9938.59,10393.12,10393.12,1164414636
2003-12-01,10400.94,10843.14,10228.44,10677.0,10677.0,1170871965
2004-01-01,10677.05,10920.25,10606.92,10858.75,10858.75,1032780342
2004-02-01,10908.89,11379.31,10831.16,11043.6,11043.6,949512275
2004-03-01,11038.67,11434.2,10904.63,11231.6,11231.6,1050532750
2004-04-01,11253.7,11572.51,11060.66,11422.79,11422.79,792068213
2004-05-01,11462.68,11887.72,11377.1,11617.24,11617.24,1487120376
2004-06-01,11587.49,11925.16,11432.24,11815.0,11815.0,1466770097
2004-07-01,11783.32,11874.84,11497.7,11759.86,11759.86,1045707561
2004-08-01,11704.49,11825.86,11542.0,11704.98,11704.98,1011068624
2004-09-01,11728.94,11919.95,11337.71,11650.35,11650.35,750051001
2004-10-01,11603.96,11694.52,11435.94,11595.98,11595.98,1066040337
2004-11-01,11568.42,11717.84,11284.99,11541.86,11541.86,1177576663
2004-12-01,11554.71,11672.79,11168.3,11488.0,11488.0,1193890143
2005-01-01,11524.04,11633.08,11254.75,11503.12,11503.12,767801574
2005-02-01,11461.01,11670.82,11372.24,11518.25,11518.25,1254749233
2005-03-01,11519.5,11634.01,11395.6,11533.41,11533.41,848602959
2005-04-01,11549.04,11718.57,11179.06,11548.59,11548.59,1143930060
2005-05-01,11547.39,11719.82,11411.54,11563.78,11563.78,742889010
2005-06-01,11547.48,11679.58,11348.54,11579.0,11579.0,1471063271
2005-07-01,11579.63,12521.66,11449.54,12234.31,12234.31,1371913441
2005-08-01,12232.93,13002.12,12032.12,12926.72,12926.72,933671927
2005-09-01,12897.61,13788.63,12744.65,13658.3,13658.3,1294014601
2005-10-01,13694.62,14547.57,13602.69,14431.3,14431.3,1320090422
2005-11-01,14477.95,15662.94,14396.52,15248.04,15248.04,1275184192
2005-12-01,15255.1,16236.11,14988.89,16111.0,16111.0,1301076395
2006-01-01,16078.41,16267.27,15551.45,15778.84,15778.84,1353382868
2006-02-01,15769.23,16031.54,15277.4,15453.53,15453.53,1348562173
2006-03-01,15467.12,15709.36,14800.68,15134.93,15134.93,832785294
2006-04-01,15080.33,15202.54,14725.03,14822.9,14822.9,980652383
2006-05-01,14790.45,14936.21,14168.75,14517.3,14517.3,931466594
2006-06-01,14483.52,14770.04,13886.14,14218.0,14218.0,776180131
2006-07-01,14283.8,15117.54,13999.73,14679.97,14679.97,1393638072
2006-08-01,14625.2,15334.92,14396.01,15156.96,15156.96,1362785442
2006-09-01,15196.59,15934.5,14988.98,15649.44,15649.44,914973721
2006-10-01,15636.02,16515.15,15351.41,16157.93,16157.93,774475827
2006-11-01,16160.45,17188.11,15990.18,16682.93,16682.93,1460203263
2006-12-01,16654.12,17671.16,16387.81,17225.0,17225.0,1284745549
2007-01-01,17217.84,17843.24,17115.4,17585.23,17585.23,1127539571
2007-02-01,17535.61,18145.46,17377.3,17953.0,17953.0,1362674893
2007-03-01,17923.87,18354.79,17703.77,17989.85,17989.85,974991696
2007-04-01,18022.69,18165.37,17720.66,18026.77,18026.77,1067665410
2007-05-01,17959.03,18369.32,17869.06,18063.77,18063.77,1466425415
2007-06-01,18010.0,18255.82,17744.35,18100.85,18100.85,827181970
2007-07-01,18179.18,18448.57,17924.69,18138.0,18138.0,997475014
2007-08-01,18211.24,18410.57,17300.67,17532.96,17532.96,1259553097
2007-09-01,17486.35,17758.35,16862.86,16948.1,16948.1,1081445366
2007-10-01,16885.85,17142.51,16296.73,16382.75,16382.75,1256477685
2007-11-01,16434.7,16620.98,15700.56,15836.26,15836.26,756662644
2007-12-01,15817.74,15921.13,15101.95,15308.0,15308.0,1404791195
2008-01-01,15252.45,15501.03,14772.2,14900.27,14900.27,1494352124
2008-02-01,14847.05,14923.17,14176.33,14503.39,14503.39,1052079536
2008-03-01,14535.65,14641.33,13889.57,14117.09,14117.09,1249252935
2008-04-01,14167.9,14260.09,13393.2,13741.07,13741.07,1171659134
2008-05-01,13725.14,13858.51,13257.7,13375.07,13375.07,921574125
2008-06-01,13319.47,13505.94,12740.15,13018.82,13018.82,1323175722
2008-07-01,13043.62,13237.66,12505.49,12672.06,12672.06,1114199302
2008-08-01,12673.27,12792.82,12254.69,12334.54,12334.54,1418330048
2008-09-01,12390.62,12473.52,11784.02,12006.0,12006.0,1175143814
2008-10-01,12009.4,12247.22,8316.87,8576.0,8576.0,805586304
2008-11-01,8606.94,8846.43,8475.74,8716.84,8716.84,1310180750
2008-12-01,8756.46,8908.29,8703.8,8860.0,8860.0,909748221
2009-01-01,8819.23,8967.74,8103.4,8257.64,8257.64,1202856556
2009-02-01,8257.73,8385.95,7640.63,7696.24,7696.24,1129251852
2009-03-01,7705.17,7779.51,7038.11,7173.0,7173.0,862557995
2009-04-01,7195.1,8126.29,7090.66,8001.87,8001.87,1367621175
2009-05-01,8016.35,9139.53,7888.5,8926.51,8926.51,1377174492
2009-06-01,8887.05,10124.61,8782.17,9958.0,9958.0,1187065923
2009-07-01,9939.01,10304.99,9871.51,10053.67,10053.67,1266320485
2009-08-01,10073.93,10462.2,9944.53,10150.26,10150.26,1326389681
2009-09-01,10172.67,10334.14,10002.62,10247.78,10247.78,915011589
2009-10-01,10287.38,10406.17,10111.4,10346.24,10346.24,917584476
2009-11-01,10301.12,10660.51,10237.7,10445.64,10445.64,1064158222
2009-12-01,10431.03,10760.15,10321.35,10546.0,10546.0,904092864
2010-01-01,10504.12,10670.53,10226.93,10342.42,10342.42,1107059907
2010-02-01,10295.27,10384.51,9962.87,10142.78,10142.78,1006383579
2010-03-01,10107.29,10287.83,9748.77,9946.99,9946.99,1431158135
2010-04-01,9970.93,10068.91,9596.57,9754.98,9754.98,1276230337
2010-05-01,9732.66,9835.75,9389.16,9566.67,9566.67,1421552807
2010-06-01,9535.99,9724.06,9093.41,9382.0,9382.0,755141150
2010-07-01,9378.73,9782.68,9285.79,9517.98,9517.98,1142473116
2010-08-01,9471.15,9851.19,9380.61,9655.92,9655.92,1198174019
2010-09-01,9652.44,9975.34,9492.31,9795.87,9795.87,856337939
2010-10-01,9835.1,10053.31,9784.98,9937.85,9937.85,1028028887
2010-11-01,9911.31,10360.83,9731.34,10081.88,10081.88,1460792209
2010-12-01,10031.62,10513.6,9872.03,10228.0,10228.0,783159215
2011-01-01,10231.05,10357.71,9809.96,9875.31,9875.31,1497567416
2011-02-01,9896.21,10082.45,9256.11,9534.78,9534.78,1115807374
2011-03-01,9553.93,9741.37,9138.87,9206.0,9206.0,776461604
2011-04-01,9172.26,9228.42,8912.67,9097.64,9097.64,1047986302
2011-05-01,9139.87,9221.35,8869.13,8990.55,8990.55,1340653457
2011-06-01,9008.6,9096.62,8775.07,8884.73,8884.73,759749948
2011-07-01,8858.32,8980.3,8699.41,8780.15,8780.15,831499984
2011-08-01,8777.17,8891.61,8407.43,8676.8,8676.8,866108980
2011-09-01,8660.17,8719.05,8495.31,8574.67,8574.67,1248843874
2011-10-01,8602.66,8650.87,8240.12,8473.74,8473.74,962234927
2011-11-01,8439.1,8526.33,8216.04,8374.0,8374.0,1241746701
2011-12-01,8353.92,8504.37,8261.47,8455.0,8455.0,1061760935
2012-01-01,8475.98,8647.45,8331.39,8498.93,8498.93,811834431
2012-02-01,8457.45,8812.44,8398.58,8543.08,8543.08,1358938732
2012-03-01,8532.16,8779.88,8414.98,8587.46,8587.46,907056521
2012-04-01,8614.32,8690.26,8454.63,8632.08,8632.08,1054745059
2012-05-01,8600.03,8914.61,8514.26,8676.92,8676.92,734157055
2012-06-01,8673.54,8900.76,8523.27,8722.0,8722.0,1015998950
2012-07-01,8680.96,8947.88,8609.6,8862.22,8862.22,849720890
2012-08-01,8842.71,9058.14,8716.37,9004.69,9004.69,896627823
2012-09-01,8986.24,9331.24,8933.09,9149.45,9149.45,923820789
2012-10-01,9116.26,9565.08,8998.78,9296.54,9296.54,1204603511
2012-11-01,9324.64,9745.57,9168.65,9446.0,9446.0,987289687
2012-12-01,9450.21,10703.13,9331.74,10395.0,10395.0,1010705019
2013-01-01,10361.72,11000.17,10170.68,10881.42,10881.42,1322830625
2013-02-01,10833.39,11610.38,10654.61,11390.6,11390.6,1499684597
2013-03-01,11444.59,12194.69,11341.61,11923.61,11923.61,1353028129
2013-04-01,11973.36,12879.75,11874.09,12481.56,12481.56,1377204072
2013-05-01,12518.67,13426.99,12297.37,13065.61,13065.61,840880294
2013-06-01,13077.7,14003.0,12833.02,13677.0,13677.0,722565255
2013-07-01,13704.43,14366.24,13520.15,14081.55,14081.55,850586931
2013-08-01,14150.26,14763.23,14013.92,14498.06,14498.06,1092349136
2013-09-01,14438.65,15089.71,14252.44,14926.89,14926.89,700546797
2013-10-01,14989.27,15499.39,14753.13,15368.4,15368.4,1435024629
2013-11-01,15421.32,15911.46,15208.51,15822.98,15822.98,1433779317
2013-12-01,15866.39,16751.03,15558.45,16291.0,16291.0,998872624
2014-01-01,16362.99,16469.61,15885.52,16097.16,16097.16,809161335
2014-02-01,16042.03,16312.78,15413.54,15905.62,15905.62,1219344212
2014-03-01,15853.8,16098.0,15243.64,15716.37,15716.37,1329593434
2014-04-01,15672.87,15792.46,15323.07,15529.36,15529.36,1250798751
2014-05-01,15471.49,15769.04,14874.81,15344.58,15344.58,1013281141
2014-06-01,15420.43,15505.02,14839.59,15162.0,15162.0,1436830573
2014-07-01,15232.89,15836.12,14942.7,15521.5,15521.5,812514694
2014-08-01,15559.58,16390.44,15442.6,15889.53,15889.53,1408256202
2014-09-01,15824.18,16628.3,15534.6,16266.29,16266.29,1057303947
2014-10-01,16228.09,16765.71,16084.48,16651.97,16651.97,786427680
2014-11-01,16568.93,17469.22,16245.23,17046.81,17046.81,1407641598
2014-12-01,17045.63,17795.53,16934.46,17451.0,17451.0,1083591400
2015-01-01,17514.53,18402.39,17384.23,17978.93,17978.93,758967511
2015-02-01,18041.09,18774.83,17693.35,18522.82,18522.82,759360321
2015-03-01,18461.72,19555.74,18217.92,19083.17,19083.17,1418499338
2015-04-01,19005.52,20084.52,18772.88,19660.47,19660.47,724794563
2015-05-01,19747.46,20843.12,19602.19,20255.24,20255.24,781006248
2015-06-01,20195.6,21365.17,19875.89,20868.0,20868.0,1283979204
2015-07-01,20819.02,20997.29,19199.21,19321.71,19321.71,1157415846
2015-08-01,19387.38,19589.25,17594.0,17890.0,17890.0,935639559
2015-09-01,17918.99,18358.19,17822.47,18169.39,18169.39,836665753
2015-10-01,18131.56,18965.8,17957.04,18453.14,18453.14,1017973878
2015-11-01,18451.12,18881.14,18208.27,18741.32,18741.32,847904976
2015-12-01,18813.56,19358.26,18645.19,19034.0,19034.0,1072046364
2016-01-01,18981.89,19094.35,17074.61,17518.0,17518.0,1233974767
2016-02-01,17445.42,17674.34,16576.9,17110.91,17110.91,1171781153
2016-03-01,17120.09,17415.85,16440.81,16713.29,16713.29,1128411529
2016-04-01,16774.61,17080.32,16033.36,16324.9,16324.9,763164039
2016-05-01,16390.66,16596.06,15478.14,15945.54,15945.54,1340360269
2016-06-01,15973.85,16082.54,15178.71,15575.0,15575.0,838303178
2016-07-01,15650.44,16548.04,15542.57,16115.68,16115.68,1038699919
2016-08-01,16194.37,17207.5,15961.04,16675.13,16675.13,1367286494
2016-09-01,16634.76,17766.15,16534.86,17254.0,17254.0,1010479322
2016-10-01,17236.29,18075.37,17031.66,17852.97,17852.97,1398773002
2016-11-01,17904.12,18825.72,17701.92,18472.73,18472.73,1031553919
2016-12-01,18407.74,19600.95,18056.25,19114.0,19114.0,1439942533
2017-01-01,19125.98,19509.31,18876.68,19264.19,19264.19,975095342
2017-02-01,19247.02,19767.18,18974.97,19415.55,19415.55,729972536
2017-03-01,19371.95,19987.52,19073.52,19568.11,19568.11,731026025
2017-04-01,19644.34,19946.98,19326.37,19721.86,19721.86,1436667986
2017-05-01,19800.16,20414.87,19611.15,19876.82,19876.82,924277322
2017-06-01,19875.15,20186.29,19516.74,20033.0,20033.0,807508416
2017-07-01,20128.0,21023.05,19946.02,20464.43,20464.43,1033418182
2017-08-01,20494.21,21128.99,20138.44,20905.15,20905.15,1292755839
2017-09-01,20959.39,21935.53,20692.6,21355.36,21355.36,827177954
2017-10-01,21315.02,22004.24,20936.27,21815.26,21815.26,1403466073
2017-11-01,21712.5,22897.67,21331.35,22285.07,22285.07,899592209
2017-12-01,22275.37,23311.93,22072.45,22765.0,22765.0,1358805033
2018-01-01,22766.17,23290.74,22641.9,23098.0,23098.0,997973409
2018-02-01,23119.72,23537.2,22485.34,22964.05,22964.05,979807921
2018-03-01,22886.77,23258.33,22292.08,22830.87,22830.87,928055501
2018-04-01,22804.97,23114.75,21993.61,22698.46,22698.46,1385688949
2018-05-01,22731.92,22937.33,22204.48,22566.82,22566.82,716041885
2018-06-01,22630.08,22746.25,21771.6,22435.95,22435.95,1217897243
2018-07-01,22458.64,22655.96,21709.44,22305.84,22305.84,944367758
2018-08-01,22410.01,22664.52,21840.17,22176.47,22176.47,978967359
2018-09-01,22121.48,22456.79,21446.92,22047.86,22047.86,1017722031
2018-10-01,21960.18,22288.17,21311.31,21920.0,21920.0,999383810
2018-11-01,21952.3,22160.34,20779.99,20945.85,20945.85,751069643
2018-12-01,21048.15,21425.38,19773.8,20015.0,20015.0,1268875020
2019-01-01,20093.53,20402.64,19762.35,20219.69,20219.69,1419749635
2019-02-01,20281.45,20859.54,19979.1,20426.48,20426.48,1244604600
2019-03-01,20471.68,21294.31,20289.66,20635.39,20635.39,1034852548
2019-04-01,20612.33,21349.2,20332.4,20846.42,20846.42,851932128
2019-05-01,20893.65,21468.92,20543.19,21059.62,21059.62,1425221204
2019-06-01,21095.82,21867.0,20724.33,21275.0,21275.0,1401195827
2019-07-01,21207.16,21837.73,21018.85,21654.65,21654.65,1346675095
2019-08-01,21711.59,22555.79,21493.72,22041.08,22041.08,771439857
2019-09-01,22009.19,22732.59,21638.96,22434.41,22434.41,965053709
2019-10-01,22380.69,23473.73,22110.82,22834.75,22834.75,1393114695
2019-11-01,22853.84,23403.14,22434.67,23242.24,23242.24,1100381899
2019-12-01,23327.65,23965.86,23192.1,23657.0,23657.0,1383391816
2020-01-01,23571.21,23833.74,22732.22,23205.0,23205.0,1425296747
2020-02-01,23195.15,23560.13,20592.62,21143.0,21143.0,1090064676
2020-03-01,21170.7,21478.05,17728.63,17820.0,17820.0,918822289
2020-04-01,17866.54,19692.05,17646.01,19199.75,19199.75,1310855333
2020-05-01,19120.65,21143.58,18909.35,20686.32,20686.32,1472262272
2020-06-01,20662.19,22519.44,20443.24,22288.0,22288.0,711261694
2020-07-01,22248.37,23308.69,21911.28,23074.58,23074.58,1201349542
2020-08-01,23016.62,24230.47,22857.03,23888.92,23888.92,1006840381
2020-09-01,23910.1,25405.79,23683.6,24732.0,24732.0,932662233
2020-10-01,24788.35,25966.41,24334.24,25604.83,25604.83,1496377927
2020-11-01,25564.57,26898.14,25364.49,26508.47,26508.47,1458467482
2020-12-01,26619.33,27750.48,26195.88,27444.0,27444.0,804964621
2021-01-01,27508.24,28278.09,27219.43,28010.24,28010.24,1220432304
2021-02-01,27880.65,28928.54,27517.62,28588.16,28588.16,738869569
2021-03-01,28729.58,29838.77,28577.42,29178.0,29178.0,1251799798
2021-04-01,29153.72,29934.18,28800.49,29353.67,29353.67,822501678
2021-05-01,29410.96,29918.13,28972.01,29530.39,29530.39,1229986372
2021-06-01,29462.47,29966.75,28948.06,29708.18,29708.18,783931389
2021-07-01,29773.17,30128.48,29576.85,29887.04,29887.04,858917329
2021-08-01,29797.31,30642.01,29558.18,30066.98,30066.98,1262749400
2021-09-01,30005.45,30804.61,29761.94,30248.0,30248.0,1446499475
2021-10-01,30196.76,30651.96,28876.99,29754.32,29754.32,1368185732
2021-11-01,29804.61,29993.91,28717.98,29268.7,29268.7,1278850893
2021-12-01,29152.0,29398.84,27878.5,28791.0,28791.0,936817742
2022-01-01,28780.72,29000.04,28291.33,28463.97,28463.97,932453741
2022-02-01,28549.81,29008.84,27927.76,28140.65,28140.65,1306563203
2022-03-01,28012.86,28431.66,27553.81,27821.0,27821.0,986021923
2022-04-01,27803.67,28309.06,27131.67,27336.96,27336.96,1351971431
2022-05-01,27250.27,27779.87,26529.89,26861.34,26861.34,1008572391
2022-06-01,26955.54,27352.67,25694.12,26394.0,26394.0,790445245
2022-07-01,26445.78,27499.86,26250.32,26687.32,26687.32,1032822173
2022-08-01,26711.54,27613.08,26505.36,26983.91,26983.91,1003800623
2022-09-01,26945.75,27924.43,26472.1,27283.79,27283.79,1478755664
2022-10-01,27183.02,27809.06,26879.4,27587.0,27587.0,736777860
2022-11-01,27521.24,27949.7,26205.37,26830.63,26830.63,1314022974
2022-12-01,26851.2,27379.32,25492.58,26095.0,26095.0,970640513
2023-01-01,26101.03,26930.55,25711.45,26728.18,26728.18,898861595
2023-02-01,26686.95,27798.09,26217.65,27376.72,27376.72,1146675389
2023-03-01,27510.26,28668.33,27307.95,28041.0,28041.0,1379076459
2023-04-01,28139.67,29664.7,27791.45,29457.87,29457.87,892713453
2023-05-01,29596.36,31287.14,29162.78,30946.33,30946.33,1022621594
2023-06-01,30864.32,33375.87,30502.55,32510.0,32510.0,1385271379
2023-07-01,32492.79,32897.67,31559.76,32290.86,32290.86,782114657
2023-08-01,32262.55,32423.95,31834.12,32073.2,32073.2,1183362620
2023-09-01,32111.38,32516.79,31519.79,31857.0,31857.0,1237179496
2023-10-01,32000.47,32593.6,31733.47,32384.23,32384.23,1063567986
2023-11-01,32403.71,33505.32,31922.27,32920.18,32920.18,1272730800
2023-12-01,32793.11,33832.69,32461.24,33465.0,33465.0,1363907108
2024-01-01,33620.42,36433.62,33098.25,35751.0,35751.0,736622487
2024-02-01,35630.93,40119.89,35067.13,39166.0,39166.0,785569204
2024-03-01,39209.42,41584.75,38782.29,40369.0,40369.0,1065636806
2024-04-01,40482.61,40750.46,39455.95,40105.28,40105.28,1441301224
2024-05-01,40240.62,40907.9,39159.43,39843.28,39843.28,1226765356
2024-06-01,40025.05,40524.66,38818.26,39583.0,39583.0,738857284
2024-07-01,39755.31,40242.07,36961.69,37667.0,37667.0,1436929851
2024-08-01,37545.41,38144.54,31191.67,31458.0,31458.0,1009924463
2024-09-01,31489.63,38624.71,31150.49,37919.0,37919.0,1483600608
2024-10-01,38076.71,39125.72,37335.97,38647.0,38647.0,1476393319
2024-11-01,38628.78,39061.08,37294.81,38208.0,38208.0,1298741492
2024-12-01,38131.17,41020.57,37533.34,39894.0,39894.0,1448409661
2025-01-01,39946.89,40520.63,38025.19,38520.0,38520.0,976234864
2025-02-01,38586.4,39155.6,36007.85,37155.0,37155.0,1103114751
2025-03-01,37227.2,37477.78,35100.18,35617.0,35617.0,1084295937
2025-04-01,35642.16,36043.57,34215.74,35100.0,35100.0,1373111441
2025-05-01,35024.86,38444.3,34575.11,37440.0,37440.0,720217713
2025-06-01,37307.21,37605.61,35134.68,36045.0,36045.0,828748315
2025-07-01,35968.09,38938.16,35415.65,37890.0,37890.0,936112452
2025-08-01,37986.09,38639.84,36514.18,36800.0,36800.0,1394428298
2025-09-01,36888.13,38157.31,36393.13,37225.0,37225.0,890076378
2025-10-01,37330.83,38940.86,36772.09,38450.0,38450.0,1441187848
2025-11-01,38406.76,39964.7,38034.61,38750.0,38750.0,1141699678
2025-12-01,38561.27,39113.03,37106.16,38100.0,38100.0,1396094473
2026-01-01,38225.72,38820.88,37341.03,38200.0,38200.0,1304086164
2026-02-01,38217.81,38853.84,36185.97,37345.0,37345.0,935342177
